order_id,customer_id,order_date,status,region_code
ORD00001,,2023-12-15 07:42:41,RETURNED,EAST
ORD00002,,2023-03-15 05:29:40,PLACED,SOUTH
ORD00003,,2024-06-12 04:27:31,SHIPPED,SOUTH
ORD00004,,2025-01-14 01:02:48,DELIVERED,SOUTH
ORD00005,,2025-01-05 21:30:25,SHIPPED,SOUTH
ORD00006,,2024-01-05 05:04:12,RETURNED,SOUTH
ORD00007,,2023-03-30 22:23:21,SHIPPED,EAST
ORD00008,,2024-11-01 02:06:57,PLACED,EAST
ORD00009,,2024-06-11 06:27:54,RETURNED,NORTH
ORD00010,,2025-12-01 07:10:00,RETURNED,NORTH
ORD00011,,2025-08-05 21:53:11,SHIPPED,SOUTH
ORD00012,,2023-01-18 14:47:38,DELIVERED,SOUTH
ORD00013,,2023-02-20 13:15:46,SHIPPED,NORTH
ORD00014,,2023-02-23 12:12:19,DELIVERED,SOUTH
ORD00015,,2025-08-19 02:06:49,SHIPPED,NORTH
ORD00016,,2025-01-06 05:07:21,SHIPPED,NORTH
ORD00017,,2025-05-22 21:26:36,DELIVERED,SOUTH
ORD00018,,2023-10-06 10:04:35,RETURNED,NORTH
ORD00019,,2023-08-28 14:52:18,DELIVERED,SOUTH
ORD00020,,2024-12-01 00:00:00,DELIVERED,EAST
ORD00021,,2024-05-06 20:14:11,RETURNED,SOUTH
ORD00022,,2024-02-20 00:04:36,CANCELLED,NORTH
ORD00023,,2025-08-07 00:36:29,SHIPPED,WEST
ORD00024,,2023-02-21 12:19:05,SHIPPED,WEST
ORD00025,,2025-04-16 05:18:32,DELIVERED,SOUTH
ORD00026,,2025-12-13 10:34:01,PLACED,EAST
ORD00027,,2024-12-21 14:22:00,DELIVERED,WEST
ORD00028,,2024-12-10 21:37:15,DELIVERED,SOUTH
ORD00029,,2023-12-07 14:38:07,CANCELLED,EAST
ORD00030,,2025-02-08 21:08:04,SHIPPED,NORTH
ORD00031,,2025-05-10 01:06:05,PLACED,SOUTH
ORD00032,,2023-07-10 22:29:19,SHIPPED,WEST
ORD00033,,2025-07-08 01:30:34,RETURNED,NORTH
ORD00034,,2024-05-05 21:51:36,DELIVERED,EAST
ORD00035,,2024-07-26 20:27:46,DELIVERED,NORTH
ORD00036,,2024-05-18 12:41:56,PLACED,SOUTH
ORD00037,,2023-09-26 12:00:33,DELIVERED,WEST
ORD00038,,2024-07-20 17:33:44,CANCELLED,WEST
ORD00039,,2024-10-13 22:09:14,RETURNED,NORTH
ORD00040,,2024-04-04 00:00:00,CANCELLED,NORTH
ORD00041,,2024-09-01 15:25:38,SHIPPED,WEST
ORD00042,,2024-06-09 03:44:38,PLACED,SOUTH
ORD00043,,2025-04-30 06:34:19,DELIVERED,NORTH
ORD00044,,2023-09-01 07:44:16,CANCELLED,SOUTH
ORD00045,,2024-05-23 03:14:54,SHIPPED,WEST
ORD00046,,2025-10-25 08:02:46,CANCELLED,EAST
ORD00047,,2025-03-17 08:42:17,CANCELLED,SOUTH
ORD00048,,2025-03-05 04:20:45,PLACED,SOUTH
ORD00049,,2023-12-16 03:14:01,CANCELLED,SOUTH
ORD00050,,2025-03-21 01:21:35,SHIPPED,SOUTH
ORD00051,CUST0435,2025-12-15 17:38:09,SHIPPED,NORTH
ORD00052,CUST0267,2023-10-03 18:29:27,RETURNED,SOUTH
ORD00053,CUST0077,2024-08-15 14:45:26,SHIPPED,NORTH
ORD00054,CUST0208,2025-10-25 21:13:50,CANCELLED,NORTH
ORD00055,CUST0141,2023-05-19 04:57:17,DELIVERED,EAST
ORD00056,CUST0493,2024-10-14 19:56:39,PLACED,SOUTH
ORD00057,CUST0428,2025-11-19 13:07:23,DELIVERED,WEST
ORD00058,CUST0251,2023-08-23 00:00:48,CANCELLED,SOUTH
ORD00059,CUST0458,2024-04-09 06:37:49,CANCELLED,SOUTH
ORD00060,CUST0487,2025-11-18 00:00:00,CANCELLED,SOUTH
ORD00061,CUST0278,2024-06-17 16:46:42,CANCELLED,EAST
ORD00062,CUST0415,2025-01-12 17:33:10,PLACED,NORTH
ORD00063,CUST0303,2025-01-31 14:23:21,PLACED,EAST
ORD00064,CUST0184,2023-11-01 02:33:43,PLACED,WEST
ORD00065,CUST0335,2023-11-06 04:05:10,PLACED,EAST
ORD00066,CUST0443,2023-10-29 17:53:44,RETURNED,NORTH
ORD00067,CUST0253,2024-07-25 13:50:41,SHIPPED,EAST
ORD00068,CUST0295,2023-11-16 20:22:04,DELIVERED,SOUTH
ORD00069,CUST0235,2023-06-26 14:25:48,CANCELLED,WEST
ORD00070,CUST0288,2025-12-02 12:09:49,PLACED,EAST
ORD00071,CUST0111,2023-11-16 23:32:50,PLACED,NORTH
ORD00072,CUST0162,2023-06-23 03:11:08,CANCELLED,EAST
ORD00073,CUST0464,2023-10-11 16:11:46,RETURNED,NORTH
ORD00074,CUST0046,2023-10-04 08:22:27,DELIVERED,EAST
ORD00075,CUST0193,2023-09-21 21:30:15,SHIPPED,NORTH
ORD00076,CUST0397,2023-09-13 21:15:27,CANCELLED,NORTH
ORD00077,CUST0328,2024-03-11 13:15:22,PLACED,NORTH
ORD00078,CUST0230,2023-08-27 06:04:38,PLACED,SOUTH
ORD00079,CUST0281,2023-05-27 04:07:46,SHIPPED,EAST
ORD00080,CUST0072,2025-08-21 00:00:00,SHIPPED,SOUTH
ORD00081,CUST0045,2024-01-17 01:13:24,SHIPPED,WEST
ORD00082,CUST0139,2025-04-21 09:01:32,PLACED,SOUTH
ORD00083,CUST0044,2023-02-16 05:15:56,PLACED,SOUTH
ORD00084,CUST0140,2025-02-26 15:40:44,RETURNED,NORTH
ORD00085,CUST0203,2024-04-20 04:03:54,DELIVERED,SOUTH
ORD00086,CUST0201,2023-07-11 02:13:16,RETURNED,EAST
ORD00087,CUST0399,2023-12-09 20:46:05,CANCELLED,WEST
ORD00088,CUST0067,2025-05-22 20:42:10,PLACED,EAST
ORD00089,CUST0467,2024-07-01 21:33:25,DELIVERED,WEST
ORD00090,CUST0265,2024-04-27 13:35:35,SHIPPED,NORTH
ORD00091,CUST0463,2023-03-19 14:07:44,SHIPPED,WEST
ORD00092,CUST0498,2023-05-03 08:42:26,DELIVERED,SOUTH
ORD00093,CUST0275,2025-07-20 04:58:45,CANCELLED,WEST
ORD00094,CUST0224,2023-11-12 07:19:31,PLACED,WEST
ORD00095,CUST0250,2023-12-16 12:19:20,RETURNED,SOUTH
ORD00096,CUST0429,2023-10-10 09:49:23,DELIVERED,SOUTH
ORD00097,CUST0359,2024-04-29 22:27:42,CANCELLED,NORTH
ORD00098,CUST0486,2023-10-19 03:43:39,RETURNED,WEST
ORD00099,CUST0149,2025-01-26 14:41:26,CANCELLED,EAST
ORD00100,CUST0258,2023-08-13 00:00:00,CANCELLED,EAST
ORD00101,CUST0105,2023-11-30 13:25:31,DELIVERED,NORTH
ORD00102,CUST0411,2025-09-01 03:01:29,SHIPPED,SOUTH
ORD00103,CUST0402,2023-11-14 14:24:47,DELIVERED,EAST
ORD00104,CUST0184,2023-12-17 23:10:00,PLACED,EAST
ORD00105,CUST0044,2023-06-27 16:18:12,DELIVERED,WEST
ORD00106,CUST0064,2023-09-04 19:09:04,DELIVERED,SOUTH
ORD00107,CUST0141,2025-06-04 11:42:35,PLACED,EAST
ORD00108,CUST0341,2023-08-29 06:44:42,PLACED,EAST
ORD00109,CUST0408,2023-09-05 21:10:35,PLACED,NORTH
ORD00110,CUST0399,2023-11-06 15:57:12,CANCELLED,EAST
ORD00111,CUST0367,2023-04-08 20:03:21,RETURNED,SOUTH
ORD00112,CUST0398,2025-12-01 10:01:02,DELIVERED,EAST
ORD00113,CUST0110,2024-09-06 19:09:06,RETURNED,SOUTH
ORD00114,CUST0355,2025-10-02 22:54:35,RETURNED,WEST
ORD00115,CUST0121,2025-09-16 17:11:43,PLACED,SOUTH
ORD00116,CUST0458,2024-02-18 19:04:13,CANCELLED,WEST
ORD00117,CUST0194,2025-05-20 17:54:51,SHIPPED,SOUTH
ORD00118,CUST0361,2024-02-26 03:18:42,SHIPPED,EAST
ORD00119,CUST0136,2023-02-15 00:07:08,SHIPPED,WEST
ORD00120,CUST0361,2024-11-07 00:00:00,RETURNED,WEST
ORD00121,CUST0297,2023-08-01 00:42:43,SHIPPED,WEST
ORD00122,CUST0139,2025-08-15 05:21:56,CANCELLED,EAST
ORD00123,CUST0429,2024-02-29 03:44:45,RETURNED,SOUTH
ORD00124,CUST0246,2024-11-16 15:07:01,SHIPPED,EAST
ORD00125,CUST0169,2024-05-22 08:09:50,SHIPPED,EAST
ORD00126,CUST0042,2024-04-07 11:23:49,PLACED,SOUTH
ORD00127,CUST0464,2024-12-16 12:37:48,CANCELLED,WEST
ORD00128,CUST0487,2024-08-30 21:11:36,SHIPPED,WEST
ORD00129,CUST0104,2025-07-06 21:10:31,CANCELLED,SOUTH
ORD00130,CUST0474,2024-10-10 05:27:35,RETURNED,WEST
ORD00131,CUST0332,2024-02-13 11:18:11,PLACED,WEST
ORD00132,CUST0043,2025-08-04 02:49:38,PLACED,SOUTH
ORD00133,CUST0184,2025-09-24 08:50:44,PLACED,WEST
ORD00134,CUST0030,2024-08-22 14:42:05,CANCELLED,SOUTH
ORD00135,CUST0359,2025-02-12 11:41:56,SHIPPED,WEST
ORD00136,CUST0308,2024-06-06 18:04:53,CANCELLED,EAST
ORD00137,CUST0434,2023-06-16 02:57:05,SHIPPED,EAST
ORD00138,CUST0113,2023-12-22 19:21:31,SHIPPED,WEST
ORD00139,CUST0182,2024-06-10 14:30:25,RETURNED,SOUTH
ORD00140,CUST0450,2023-06-26 00:00:00,PLACED,EAST
ORD00141,CUST0393,2025-10-23 11:54:08,DELIVERED,WEST
ORD00142,CUST0074,2025-08-19 08:39:34,DELIVERED,NORTH
ORD00143,CUST0236,2023-04-04 21:33:43,SHIPPED,WEST
ORD00144,CUST0131,2025-01-25 23:12:44,CANCELLED,EAST
ORD00145,CUST0020,2023-07-09 02:29:51,SHIPPED,WEST
ORD00146,CUST0387,2023-08-13 10:01:48,SHIPPED,NORTH
ORD00147,CUST0352,2023-03-13 01:31:46,SHIPPED,EAST
ORD00148,CUST0425,2023-03-10 11:59:17,DELIVERED,NORTH
ORD00149,CUST0356,2024-05-05 10:03:16,SHIPPED,WEST
ORD00150,CUST0343,2023-09-19 21:02:29,PLACED,NORTH
ORD00151,CUST0010,2023-11-17 17:04:04,PLACED,WEST
ORD00152,CUST0170,2025-06-05 14:38:12,SHIPPED,EAST
ORD00153,CUST0427,2024-05-10 22:25:45,PLACED,NORTH
ORD00154,CUST0404,2024-12-13 00:58:31,SHIPPED,EAST
ORD00155,CUST0229,2025-06-06 14:31:20,CANCELLED,WEST
ORD00156,CUST0458,2023-02-21 11:08:22,PLACED,NORTH
ORD00157,CUST0137,2025-12-29 18:35:43,DELIVERED,SOUTH
ORD00158,CUST0396,2024-07-07 04:20:10,PLACED,WEST
ORD00159,CUST0340,2025-11-18 19:23:38,CANCELLED,EAST
ORD00160,CUST0182,2023-05-01 00:00:00,CANCELLED,WEST
ORD00161,CUST0386,2025-06-10 13:59:03,RETURNED,NORTH
ORD00162,CUST0425,2024-01-08 23:24:06,RETURNED,SOUTH
ORD00163,CUST0251,2023-11-01 00:05:42,DELIVERED,EAST
ORD00164,CUST0071,2025-11-15 18:27:58,SHIPPED,EAST
ORD00165,CUST0039,2025-11-01 10:17:32,RETURNED,NORTH
ORD00166,CUST0402,2025-01-07 14:56:38,CANCELLED,SOUTH
ORD00167,CUST0440,2025-08-31 00:16:13,CANCELLED,EAST
ORD00168,CUST0148,2025-11-28 10:10:21,RETURNED,SOUTH
ORD00169,CUST0499,2025-07-19 00:12:55,CANCELLED,EAST
ORD00170,CUST0444,2025-11-04 16:49:46,SHIPPED,WEST
ORD00171,CUST0336,2024-10-03 06:14:23,PLACED,WEST
ORD00172,CUST0403,2024-10-25 19:20:23,CANCELLED,WEST
ORD00173,CUST0176,2025-12-13 00:00:05,PLACED,WEST
ORD00174,CUST0099,2024-09-29 10:58:00,PLACED,NORTH
ORD00175,CUST0307,2025-05-04 02:07:52,RETURNED,SOUTH
ORD00176,CUST0284,2024-01-17 03:15:25,RETURNED,NORTH
ORD00177,CUST0370,2024-11-14 17:51:04,RETURNED,EAST
ORD00178,CUST0266,2024-10-05 07:13:34,RETURNED,EAST
ORD00179,CUST0010,2023-08-16 20:59:26,RETURNED,WEST
ORD00180,CUST0179,2023-06-15 00:00:00,SHIPPED,NORTH
ORD00181,CUST0190,2024-07-26 16:33:23,RETURNED,EAST
ORD00182,CUST0328,2025-09-21 02:07:58,RETURNED,SOUTH
ORD00183,CUST0463,2025-03-30 19:43:59,DELIVERED,SOUTH
ORD00184,CUST0155,2025-12-07 14:19:50,DELIVERED,WEST
ORD00185,CUST0285,2025-08-16 23:42:18,SHIPPED,EAST
ORD00186,CUST0222,2024-06-15 05:22:23,SHIPPED,SOUTH
ORD00187,CUST0142,2025-09-09 21:18:40,SHIPPED,WEST
ORD00188,CUST0198,2024-10-02 19:20:09,PLACED,NORTH
ORD00189,CUST0495,2024-01-31 03:05:32,SHIPPED,SOUTH
ORD00190,CUST0108,2023-12-04 20:38:58,RETURNED,WEST
ORD00191,CUST0445,2025-12-23 19:27:00,CANCELLED,NORTH
ORD00192,CUST0126,2025-09-21 17:12:36,PLACED,NORTH
ORD00193,CUST0364,2024-01-09 18:29:01,DELIVERED,WEST
ORD00194,CUST0143,2025-10-03 13:48:12,DELIVERED,NORTH
ORD00195,CUST0286,2025-01-16 19:00:47,SHIPPED,EAST
ORD00196,CUST0499,2023-06-25 19:22:29,PLACED,WEST
ORD00197,CUST0152,2025-01-29 00:45:51,CANCELLED,WEST
ORD00198,CUST0331,2023-05-22 08:07:43,PLACED,WEST
ORD00199,CUST0285,2025-11-05 01:06:14,PLACED,SOUTH
ORD00200,CUST0421,2025-06-30 00:00:00,CANCELLED,EAST
ORD00201,CUST0235,2023-07-07 19:51:33,PLACED,SOUTH
ORD00202,CUST0068,2024-12-25 08:44:53,SHIPPED,NORTH
ORD00203,CUST0434,2023-02-28 12:58:46,PLACED,WEST
ORD00204,CUST0098,2023-06-25 00:44:20,CANCELLED,EAST
ORD00205,CUST0426,2023-04-23 03:16:29,CANCELLED,NORTH
ORD00206,CUST0364,2025-01-08 19:45:20,DELIVERED,SOUTH
ORD00207,CUST0259,2023-08-09 17:19:07,SHIPPED,EAST
ORD00208,CUST0340,2025-11-06 04:17:13,PLACED,EAST
ORD00209,CUST0068,2024-10-30 08:03:22,SHIPPED,WEST
ORD00210,CUST0323,2023-02-19 13:24:15,PLACED,NORTH
ORD00211,CUST0249,2025-07-29 16:39:14,CANCELLED,WEST
ORD00212,CUST0074,2023-09-27 15:34:16,DELIVERED,NORTH
ORD00213,CUST0491,2023-04-29 16:11:31,SHIPPED,WEST
ORD00214,CUST0034,2024-07-11 02:01:34,DELIVERED,SOUTH
ORD00215,CUST0189,2024-06-14 13:24:28,CANCELLED,EAST
ORD00216,CUST0277,2025-08-16 13:13:37,CANCELLED,EAST
ORD00217,CUST0180,2025-05-04 18:42:21,CANCELLED,WEST
ORD00218,CUST0409,2023-08-07 07:20:37,DELIVERED,EAST
ORD00219,CUST0226,2024-06-02 06:02:16,RETURNED,EAST
ORD00220,CUST0301,2023-09-24 00:00:00,SHIPPED,EAST
ORD00221,CUST0237,2023-09-01 15:14:48,CANCELLED,NORTH
ORD00222,CUST0335,2023-12-04 08:46:19,PLACED,NORTH
ORD00223,CUST0074,2024-06-13 15:58:47,SHIPPED,SOUTH
ORD00224,CUST0453,2023-05-14 15:55:14,SHIPPED,NORTH
ORD00225,CUST0140,2024-03-08 17:57:28,DELIVERED,NORTH
ORD00226,CUST0408,2025-09-16 19:01:58,SHIPPED,WEST
ORD00227,CUST0193,2024-08-31 20:06:33,DELIVERED,NORTH
ORD00228,CUST0139,2025-06-30 08:18:43,PLACED,WEST
ORD00229,CUST0050,2023-05-13 13:50:26,CANCELLED,EAST
ORD00230,CUST0349,2023-03-26 08:11:00,CANCELLED,SOUTH
ORD00231,CUST0412,2025-04-25 12:38:04,CANCELLED,SOUTH
ORD00232,CUST0264,2025-09-02 05:59:29,CANCELLED,WEST
ORD00233,CUST0319,2024-05-10 17:05:56,PLACED,WEST
ORD00234,CUST0457,2024-02-28 18:11:34,CANCELLED,SOUTH
ORD00235,CUST0352,2025-04-05 07:03:23,SHIPPED,WEST
ORD00236,CUST0421,2024-07-12 21:13:45,PLACED,EAST
ORD00237,CUST0057,2023-03-21 13:49:33,PLACED,WEST
ORD00238,CUST0372,2025-01-10 01:13:50,SHIPPED,NORTH
ORD00239,CUST0081,2025-11-27 07:30:28,SHIPPED,WEST
ORD00240,CUST0167,2024-05-31 00:00:00,RETURNED,NORTH
ORD00241,CUST0390,2024-04-06 20:08:17,CANCELLED,WEST
ORD00242,CUST0389,2023-07-11 18:16:37,PLACED,SOUTH
ORD00243,CUST0347,2025-12-09 12:32:34,DELIVERED,WEST
ORD00244,CUST0462,2025-01-08 02:19:51,DELIVERED,WEST
ORD00245,CUST0291,2023-01-19 05:55:48,DELIVERED,EAST
ORD00246,CUST0376,2025-04-28 04:38:55,SHIPPED,SOUTH
ORD00247,CUST0133,2024-11-02 03:34:56,PLACED,SOUTH
ORD00248,CUST0208,2025-01-25 19:44:24,SHIPPED,SOUTH
ORD00249,CUST0213,2025-05-08 05:16:38,RETURNED,EAST
ORD00250,CUST0481,2023-09-03 00:57:06,DELIVERED,WEST
ORD00251,CUST0159,2024-05-18 05:17:58,DELIVERED,EAST
ORD00252,CUST0151,2024-01-03 22:48:49,SHIPPED,NORTH
ORD00253,CUST0419,2023-08-25 14:59:40,DELIVERED,SOUTH
ORD00254,CUST0443,2023-09-08 15:18:49,RETURNED,WEST
ORD00255,CUST0087,2025-02-21 02:19:36,PLACED,WEST
ORD00256,CUST0289,2024-08-27 18:10:51,PLACED,EAST
ORD00257,CUST0446,2023-06-21 20:38:16,SHIPPED,EAST
ORD00258,CUST0138,2024-10-04 14:42:55,RETURNED,NORTH
ORD00259,CUST0497,2023-04-30 12:54:22,PLACED,EAST
ORD00260,CUST0239,2025-09-08 00:00:00,RETURNED,WEST
ORD00261,CUST0231,2024-10-20 23:57:24,PLACED,SOUTH
ORD00262,CUST0470,2023-02-13 02:00:08,DELIVERED,SOUTH
ORD00263,CUST0380,2025-08-25 17:29:46,RETURNED,NORTH
ORD00264,CUST0442,2023-02-24 16:05:28,CANCELLED,SOUTH
ORD00265,CUST0400,2023-01-10 12:08:35,DELIVERED,WEST
ORD00266,CUST0471,2025-09-30 11:32:15,DELIVERED,SOUTH
ORD00267,CUST0146,2023-05-10 20:23:44,RETURNED,EAST
ORD00268,CUST0086,2025-08-26 15:44:20,CANCELLED,NORTH
ORD00269,CUST0298,2024-05-12 16:41:20,DELIVERED,WEST
ORD00270,CUST0320,2023-09-07 19:03:16,SHIPPED,SOUTH
ORD00271,CUST0125,2023-01-31 10:45:18,DELIVERED,EAST
ORD00272,CUST0177,2025-03-27 10:37:55,SHIPPED,NORTH
ORD00273,CUST0352,2024-02-14 23:36:51,SHIPPED,WEST
ORD00274,CUST0441,2025-01-12 02:05:30,SHIPPED,NORTH
ORD00275,CUST0392,2025-07-08 21:41:13,PLACED,SOUTH
ORD00276,CUST0186,2023-09-04 19:44:01,SHIPPED,WEST
ORD00277,CUST0433,2024-09-20 10:15:36,RETURNED,WEST
ORD00278,CUST0232,2024-06-19 18:58:06,RETURNED,SOUTH
ORD00279,CUST0466,2024-01-12 14:26:56,RETURNED,NORTH
ORD00280,CUST0383,2023-06-14 00:00:00,DELIVERED,WEST
ORD00281,CUST0394,2025-10-27 08:16:14,CANCELLED,WEST
ORD00282,CUST0079,2025-03-10 02:38:29,SHIPPED,EAST
ORD00283,CUST0134,2024-12-12 07:18:17,CANCELLED,SOUTH
ORD00284,CUST0472,2023-04-04 03:23:23,RETURNED,WEST
ORD00285,CUST0436,2023-05-06 21:25:58,RETURNED,NORTH
ORD00286,CUST0013,2023-01-20 05:30:18,CANCELLED,WEST
ORD00287,CUST0033,2024-08-10 08:13:31,PLACED,NORTH
ORD00288,CUST0445,2025-10-11 18:38:09,DELIVERED,NORTH
ORD00289,CUST0385,2025-10-21 06:21:09,SHIPPED,NORTH
ORD00290,CUST0308,2023-06-27 21:35:41,SHIPPED,WEST
ORD00291,CUST0366,2025-04-22 21:16:01,PLACED,NORTH
ORD00292,CUST0468,2024-09-17 21:30:53,SHIPPED,SOUTH
ORD00293,CUST0181,2023-03-16 17:13:56,RETURNED,EAST
ORD00294,CUST0129,2024-04-03 00:31:29,RETURNED,SOUTH
ORD00295,CUST0162,2025-01-02 15:03:58,SHIPPED,SOUTH
ORD00296,CUST0029,2025-02-03 04:12:16,DELIVERED,WEST
ORD00297,CUST0371,2024-02-12 12:27:03,SHIPPED,SOUTH
ORD00298,CUST0027,2023-04-17 12:54:18,RETURNED,WEST
ORD00299,CUST0171,2024-01-17 00:54:35,PLACED,NORTH
ORD00300,CUST0034,2024-03-04 00:00:00,PLACED,EAST
ORD00301,CUST0397,2024-02-21 14:49:19,PLACED,NORTH
ORD00302,CUST0280,2023-02-24 16:30:24,DELIVERED,WEST
ORD00303,CUST0257,2025-02-20 13:35:37,SHIPPED,EAST
ORD00304,CUST0481,2023-01-20 03:03:06,CANCELLED,WEST
ORD00305,CUST0237,2023-12-22 22:03:43,DELIVERED,WEST
ORD00306,CUST0025,2024-11-11 12:44:08,DELIVERED,WEST
ORD00307,CUST0031,2023-09-28 03:29:49,DELIVERED,NORTH
ORD00308,CUST0257,2023-10-30 20:33:53,DELIVERED,EAST
ORD00309,CUST0339,2024-11-03 10:48:10,CANCELLED,EAST
ORD00310,CUST0328,2025-09-22 01:28:13,DELIVERED,NORTH
ORD00311,CUST0319,2023-07-09 01:03:28,RETURNED,NORTH
ORD00312,CUST0249,2024-08-06 08:04:27,CANCELLED,SOUTH
ORD00313,CUST0286,2023-10-28 06:30:41,SHIPPED,WEST
ORD00314,CUST0435,2024-01-20 14:24:36,CANCELLED,SOUTH
ORD00315,CUST0451,2023-06-16 11:22:42,CANCELLED,WEST
ORD00316,CUST0320,2024-06-09 20:37:39,CANCELLED,WEST
ORD00317,CUST0021,2024-05-05 22:05:09,RETURNED,SOUTH
ORD00318,CUST0304,2024-07-17 14:49:02,PLACED,SOUTH
ORD00319,CUST0465,2025-07-08 03:16:07,DELIVERED,SOUTH
ORD00320,CUST0491,2023-01-09 00:00:00,PLACED,SOUTH
ORD00321,CUST0402,2024-07-02 12:28:35,RETURNED,EAST
ORD00322,CUST0342,2024-09-09 15:57:27,CANCELLED,SOUTH
ORD00323,CUST0233,2024-02-28 12:13:11,DELIVERED,WEST
ORD00324,CUST0448,2024-06-06 05:51:25,RETURNED,WEST
ORD00325,CUST0179,2025-06-02 18:48:10,DELIVERED,NORTH
ORD00326,CUST0380,2023-02-09 22:40:02,DELIVERED,WEST
ORD00327,CUST0465,2025-05-21 16:07:29,PLACED,SOUTH
ORD00328,CUST0215,2024-07-28 04:15:03,SHIPPED,WEST
ORD00329,CUST0132,2024-11-08 21:58:37,DELIVERED,NORTH
ORD00330,CUST0400,2025-12-17 02:42:22,SHIPPED,SOUTH
ORD00331,CUST0467,2024-01-11 06:47:16,PLACED,WEST
ORD00332,CUST0067,2025-02-11 21:43:58,CANCELLED,NORTH
ORD00333,CUST0368,2024-02-09 10:24:05,SHIPPED,NORTH
ORD00334,CUST0409,2025-03-18 17:09:51,DELIVERED,EAST
ORD00335,CUST0208,2025-12-04 07:06:54,RETURNED,SOUTH
ORD00336,CUST0147,2025-08-28 00:04:05,SHIPPED,SOUTH
ORD00337,CUST0260,2023-05-03 04:09:18,PLACED,EAST
ORD00338,CUST0368,2024-11-13 02:27:46,PLACED,WEST
ORD00339,CUST0100,2025-03-31 07:11:23,PLACED,WEST
ORD00340,CUST0384,2024-11-12 00:00:00,CANCELLED,WEST
ORD00341,CUST0262,2023-11-24 21:23:31,SHIPPED,EAST
ORD00342,CUST0429,2024-09-19 03:29:25,CANCELLED,EAST
ORD00343,CUST0158,2025-07-23 03:42:57,RETURNED,NORTH
ORD00344,CUST0370,2025-03-26 18:30:34,RETURNED,EAST
ORD00345,CUST0245,2023-12-27 15:11:58,SHIPPED,EAST
ORD00346,CUST0236,2024-10-14 22:02:40,SHIPPED,SOUTH
ORD00347,CUST0064,2024-08-07 03:15:23,RETURNED,EAST
ORD00348,CUST0459,2025-12-06 01:02:35,SHIPPED,EAST
ORD00349,CUST0352,2023-03-22 06:57:42,DELIVERED,WEST
ORD00350,CUST0111,2024-07-18 06:25:03,SHIPPED,NORTH
ORD00351,CUST0211,2024-01-24 17:44:46,DELIVERED,NORTH
ORD00352,CUST0095,2025-02-07 17:19:04,RETURNED,SOUTH
ORD00353,CUST0193,2023-06-23 12:59:34,CANCELLED,SOUTH
ORD00354,CUST0203,2024-06-25 01:27:19,SHIPPED,EAST
ORD00355,CUST0450,2023-07-03 17:34:44,RETURNED,SOUTH
ORD00356,CUST0092,2025-10-28 13:43:22,SHIPPED,SOUTH
ORD00357,CUST0441,2025-07-22 12:18:41,CANCELLED,SOUTH
ORD00358,CUST0177,2025-02-05 20:33:48,PLACED,EAST
ORD00359,CUST0383,2024-08-07 03:48:40,RETURNED,NORTH
ORD00360,CUST0340,2024-06-04 00:00:00,PLACED,SOUTH
ORD00361,CUST0488,2025-05-11 20:08:38,RETURNED,NORTH
ORD00362,CUST0091,2025-12-25 08:44:15,CANCELLED,WEST
ORD00363,CUST0242,2024-05-19 01:07:23,DELIVERED,EAST
ORD00364,CUST0213,2023-03-16 22:16:24,DELIVERED,WEST
ORD00365,CUST0194,2024-01-16 19:18:22,RETURNED,SOUTH
ORD00366,CUST0159,2025-09-21 18:10:40,PLACED,NORTH
ORD00367,CUST0340,2025-09-18 04:39:08,RETURNED,WEST
ORD00368,CUST0352,2024-03-24 21:15:18,DELIVERED,SOUTH
ORD00369,CUST0143,2024-04-20 14:05:52,CANCELLED,NORTH
ORD00370,CUST0218,2025-01-20 22:12:50,SHIPPED,NORTH
ORD00371,CUST0141,2024-01-22 16:45:19,SHIPPED,SOUTH
ORD00372,CUST0349,2024-05-16 13:54:39,SHIPPED,NORTH
ORD00373,CUST0147,2024-08-10 22:38:30,DELIVERED,WEST
ORD00374,CUST0323,2024-06-19 00:21:34,PLACED,EAST
ORD00375,CUST0039,2023-02-18 09:18:33,SHIPPED,NORTH
ORD00376,CUST0235,2023-01-16 04:37:24,RETURNED,EAST
ORD00377,CUST0015,2024-05-25 10:17:05,PLACED,SOUTH
ORD00378,CUST0407,2023-08-26 16:04:03,CANCELLED,EAST
ORD00379,CUST0120,2024-05-20 21:56:57,PLACED,EAST
ORD00380,CUST0261,2024-10-14 00:00:00,SHIPPED,EAST
ORD00381,CUST0333,2023-04-25 18:33:46,SHIPPED,SOUTH
ORD00382,CUST0156,2024-03-06 01:43:38,SHIPPED,EAST
ORD00383,CUST0234,2023-12-04 05:21:48,CANCELLED,NORTH
ORD00384,CUST0151,2023-11-13 01:22:35,CANCELLED,WEST
ORD00385,CUST0232,2025-02-24 13:34:34,CANCELLED,WEST
ORD00386,CUST0319,2025-08-19 02:38:51,SHIPPED,SOUTH
ORD00387,CUST0286,2023-11-18 01:29:17,CANCELLED,EAST
ORD00388,CUST0057,2024-11-13 19:47:46,SHIPPED,SOUTH
ORD00389,CUST0344,2023-03-21 21:06:07,DELIVERED,EAST
ORD00390,CUST0470,2023-10-01 19:05:42,SHIPPED,WEST
ORD00391,CUST0051,2025-10-01 14:36:47,PLACED,SOUTH
ORD00392,CUST0305,2024-09-10 12:00:27,RETURNED,EAST
ORD00393,CUST0293,2025-04-27 09:14:57,DELIVERED,SOUTH
ORD00394,CUST0005,2024-11-19 18:40:30,RETURNED,NORTH
ORD00395,CUST0041,2023-12-27 21:25:35,CANCELLED,WEST
ORD00396,CUST0076,2025-05-21 03:04:35,CANCELLED,SOUTH
ORD00397,CUST0396,2024-09-26 12:59:02,PLACED,NORTH
ORD00398,CUST0156,2025-11-02 15:49:28,RETURNED,EAST
ORD00399,CUST0224,2024-05-30 06:48:46,PLACED,NORTH
ORD00400,CUST0040,2023-01-27 00:00:00,PLACED,WEST
ORD00401,CUST0389,2024-04-14 01:47:35,CANCELLED,EAST
ORD00402,CUST0378,2024-10-05 17:37:08,DELIVERED,EAST
ORD00403,CUST0097,2024-04-27 03:19:23,DELIVERED,SOUTH
ORD00404,CUST0454,2023-09-17 09:17:00,DELIVERED,EAST
ORD00405,CUST0446,2025-02-04 15:35:16,DELIVERED,EAST
ORD00406,CUST0054,2025-06-06 08:35:55,PLACED,WEST
ORD00407,CUST0225,2025-07-06 08:18:35,CANCELLED,WEST
ORD00408,CUST0136,2024-11-13 21:03:59,PLACED,WEST
ORD00409,CUST0081,2023-06-21 22:26:01,SHIPPED,WEST
ORD00410,CUST0064,2024-05-06 16:29:38,CANCELLED,SOUTH
ORD00411,CUST0267,2024-10-02 03:13:01,SHIPPED,WEST
ORD00412,CUST0323,2024-04-08 14:48:50,DELIVERED,NORTH
ORD00413,CUST0295,2023-09-06 08:40:55,CANCELLED,SOUTH
ORD00414,CUST0005,2025-03-06 10:58:11,SHIPPED,NORTH
ORD00415,CUST0026,2024-03-25 08:20:06,PLACED,NORTH
ORD00416,CUST0341,2025-12-19 17:09:38,PLACED,SOUTH
ORD00417,CUST0369,2023-08-17 04:17:27,DELIVERED,EAST
ORD00418,CUST0497,2024-09-18 11:21:38,PLACED,WEST
ORD00419,CUST0485,2023-05-31 12:05:17,DELIVERED,WEST
ORD00420,CUST0309,2023-08-25 00:00:00,SHIPPED,EAST
ORD00421,CUST0356,2023-12-10 05:25:53,RETURNED,NORTH
ORD00422,CUST0310,2023-06-11 10:14:54,PLACED,WEST
ORD00423,CUST0273,2023-04-21 05:25:28,SHIPPED,EAST
ORD00424,CUST0004,2024-09-26 00:45:50,DELIVERED,SOUTH
ORD00425,CUST0047,2024-09-09 19:12:06,SHIPPED,NORTH
ORD00426,CUST0306,2025-06-14 09:57:45,RETURNED,NORTH
ORD00427,CUST0003,2024-01-05 03:37:45,CANCELLED,NORTH
ORD00428,CUST0430,2025-03-27 23:20:36,CANCELLED,SOUTH
ORD00429,CUST0246,2024-10-17 04:23:27,CANCELLED,SOUTH
ORD00430,CUST0114,2024-09-12 03:54:49,PLACED,EAST
ORD00431,CUST0222,2024-03-31 23:42:47,DELIVERED,WEST
ORD00432,CUST0374,2023-06-09 09:33:32,SHIPPED,EAST
ORD00433,CUST0012,2024-02-25 14:47:56,DELIVERED,EAST
ORD00434,CUST0215,2023-09-02 13:57:38,SHIPPED,EAST
ORD00435,CUST0030,2025-06-06 06:21:08,CANCELLED,WEST
ORD00436,CUST0339,2025-10-10 20:36:04,PLACED,EAST
ORD00437,CUST0011,2025-07-23 01:35:03,SHIPPED,NORTH
ORD00438,CUST0013,2025-11-12 22:11:40,CANCELLED,NORTH
ORD00439,CUST0082,2025-05-23 03:46:49,PLACED,WEST
ORD00440,CUST0227,2023-08-04 00:00:00,SHIPPED,EAST
ORD00441,CUST0212,2023-07-11 08:04:56,DELIVERED,NORTH
ORD00442,CUST0180,2025-11-19 13:44:19,RETURNED,EAST
ORD00443,CUST0207,2024-10-28 13:10:40,RETURNED,SOUTH
ORD00444,CUST0431,2025-02-04 19:07:01,DELIVERED,WEST
ORD00445,CUST0383,2025-08-07 20:18:07,PLACED,EAST
ORD00446,CUST0222,2023-08-22 03:44:20,CANCELLED,SOUTH
ORD00447,CUST0028,2024-05-31 00:47:53,SHIPPED,SOUTH
ORD00448,CUST0110,2025-11-06 06:31:03,RETURNED,WEST
ORD00449,CUST0276,2023-03-26 15:41:49,CANCELLED,NORTH
ORD00450,CUST0068,2025-05-31 08:56:19,DELIVERED,EAST
ORD00451,CUST0075,2024-12-22 03:57:46,PLACED,EAST
ORD00452,CUST0286,2025-03-29 23:08:18,DELIVERED,WEST
ORD00453,CUST0497,2024-10-25 10:32:36,SHIPPED,EAST
ORD00454,CUST0154,2023-10-14 08:54:07,SHIPPED,NORTH
ORD00455,CUST0276,2025-03-02 16:15:31,SHIPPED,SOUTH
ORD00456,CUST0017,2025-07-07 03:33:41,DELIVERED,SOUTH
ORD00457,CUST0421,2023-03-04 23:21:35,PLACED,EAST
ORD00458,CUST0061,2025-10-19 12:40:49,CANCELLED,EAST
ORD00459,CUST0025,2025-03-07 08:48:03,DELIVERED,WEST
ORD00460,CUST0138,2025-01-15 00:00:00,SHIPPED,WEST
ORD00461,CUST0124,2025-12-17 08:02:57,DELIVERED,WEST
ORD00462,CUST0428,2025-09-11 17:12:43,CANCELLED,SOUTH
ORD00463,CUST0395,2025-11-28 06:33:52,PLACED,EAST
ORD00464,CUST0208,2023-06-16 17:45:26,PLACED,NORTH
ORD00465,CUST0068,2023-11-17 17:12:45,RETURNED,NORTH
ORD00466,CUST0494,2023-10-02 04:28:40,RETURNED,EAST
ORD00467,CUST0235,2023-05-30 19:50:30,SHIPPED,WEST
ORD00468,CUST0182,2024-11-24 03:51:08,CANCELLED,NORTH
ORD00469,CUST0361,2025-10-18 19:24:07,PLACED,WEST
ORD00470,CUST0214,2024-06-24 22:54:59,DELIVERED,NORTH
ORD00471,CUST0495,2023-07-18 00:16:37,RETURNED,EAST
ORD00472,CUST0094,2024-09-05 23:45:16,CANCELLED,WEST
ORD00473,CUST0304,2024-09-04 11:02:23,RETURNED,EAST
ORD00474,CUST0351,2024-01-15 15:44:17,RETURNED,NORTH
ORD00475,CUST0245,2025-07-03 15:45:38,PLACED,NORTH
ORD00476,CUST0439,2024-08-12 17:29:50,SHIPPED,NORTH
ORD00477,CUST0276,2025-09-20 12:15:05,RETURNED,WEST
ORD00478,CUST0292,2023-09-28 19:16:12,CANCELLED,EAST
ORD00479,CUST0022,2024-10-13 23:49:00,CANCELLED,SOUTH
ORD00480,CUST0154,2024-03-21 00:00:00,CANCELLED,NORTH
ORD00481,CUST0279,2024-08-07 11:11:50,RETURNED,WEST
ORD00482,CUST0051,2025-11-21 15:03:56,CANCELLED,EAST
ORD00483,CUST0011,2024-01-16 01:29:47,CANCELLED,SOUTH
ORD00484,CUST0445,2024-07-09 19:26:47,PLACED,WEST
ORD00485,CUST0004,2023-09-19 17:50:59,PLACED,NORTH
ORD00486,CUST0383,2025-01-07 05:24:56,DELIVERED,NORTH
ORD00487,CUST0123,2025-01-23 14:08:37,RETURNED,WEST
ORD00488,CUST0233,2024-12-27 15:38:53,RETURNED,WEST
ORD00489,CUST0189,2024-03-19 23:52:21,RETURNED,SOUTH
ORD00490,CUST0237,2025-03-21 21:30:36,RETURNED,EAST
ORD00491,CUST0199,2025-07-28 02:09:46,DELIVERED,WEST
ORD00492,CUST0422,2024-07-02 16:01:51,RETURNED,WEST
ORD00493,CUST0420,2025-08-15 05:54:34,RETURNED,NORTH
ORD00494,CUST0067,2023-05-19 16:49:42,DELIVERED,SOUTH
ORD00495,CUST0443,2023-05-14 17:16:04,DELIVERED,NORTH
ORD00496,CUST0185,2023-01-19 07:02:47,SHIPPED,NORTH
ORD00497,CUST0137,2023-05-04 13:03:50,RETURNED,EAST
ORD00498,CUST0037,2024-04-13 01:04:47,RETURNED,EAST
ORD00499,CUST0404,2025-05-16 09:17:45,PLACED,EAST
ORD00500,CUST0172,2023-04-25 00:00:00,RETURNED,NORTH
ORD00501,CUST0479,2025-12-01 08:34:23,CANCELLED,SOUTH
ORD00502,CUST0302,2023-04-12 09:29:22,RETURNED,NORTH
ORD00503,CUST0276,2025-03-18 02:17:30,PLACED,EAST
ORD00504,CUST0481,2024-12-20 21:35:14,CANCELLED,NORTH
ORD00505,CUST0241,2023-11-29 15:31:15,PLACED,WEST
ORD00506,CUST0144,2023-03-05 13:29:17,SHIPPED,WEST
ORD00507,CUST0312,2025-03-19 22:19:15,PLACED,EAST
ORD00508,CUST0192,2025-03-13 18:12:40,SHIPPED,EAST
ORD00509,CUST0044,2025-12-27 10:43:32,SHIPPED,WEST
ORD00510,CUST0185,2024-02-17 16:08:39,CANCELLED,EAST
ORD00511,CUST0025,2023-02-15 18:07:57,SHIPPED,SOUTH
ORD00512,CUST0025,2023-10-20 11:43:16,RETURNED,WEST
ORD00513,CUST0495,2024-05-12 01:41:17,SHIPPED,SOUTH
ORD00514,CUST0477,2023-05-22 20:42:53,DELIVERED,NORTH
ORD00515,CUST0460,2024-01-07 22:19:52,DELIVERED,NORTH
ORD00516,CUST0121,2025-07-03 07:17:06,PLACED,SOUTH
ORD00517,CUST0042,2024-01-22 08:49:03,DELIVERED,NORTH
ORD00518,CUST0498,2023-12-12 09:38:49,RETURNED,WEST
ORD00519,CUST0430,2025-04-04 20:02:27,PLACED,WEST
ORD00520,CUST0337,2023-03-13 00:00:00,SHIPPED,NORTH
ORD00521,CUST0104,2024-01-23 20:59:57,SHIPPED,NORTH
ORD00522,CUST0222,2023-07-18 14:45:39,CANCELLED,NORTH
ORD00523,CUST0484,2023-10-02 03:26:58,RETURNED,NORTH
ORD00524,CUST0376,2023-12-16 01:12:40,SHIPPED,EAST
ORD00525,CUST0075,2025-12-06 10:51:49,DELIVERED,NORTH
ORD00526,CUST0348,2024-01-29 07:40:55,CANCELLED,WEST
ORD00527,CUST0077,2025-03-04 14:42:35,PLACED,SOUTH
ORD00528,CUST0071,2025-06-13 11:30:49,PLACED,WEST
ORD00529,CUST0190,2025-10-31 05:03:41,SHIPPED,NORTH
ORD00530,CUST0037,2025-01-07 04:58:51,PLACED,NORTH
ORD00531,CUST0253,2025-12-29 23:09:07,DELIVERED,NORTH
ORD00532,CUST0475,2024-08-14 03:00:44,SHIPPED,WEST
ORD00533,CUST0426,2025-10-27 11:24:15,PLACED,EAST
ORD00534,CUST0182,2023-08-12 01:05:31,SHIPPED,SOUTH
ORD00535,CUST0479,2024-10-25 04:08:39,CANCELLED,SOUTH
ORD00536,CUST0214,2024-04-19 11:12:13,SHIPPED,NORTH
ORD00537,CUST0003,2024-01-15 19:00:41,CANCELLED,SOUTH
ORD00538,CUST0227,2025-12-06 16:13:06,PLACED,EAST
ORD00539,CUST0306,2025-03-21 13:52:24,RETURNED,EAST
ORD00540,CUST0261,2023-09-17 00:00:00,DELIVERED,NORTH
ORD00541,CUST0302,2025-11-10 04:01:28,PLACED,SOUTH
ORD00542,CUST0081,2025-09-29 08:14:12,RETURNED,WEST
ORD00543,CUST0043,2023-10-17 05:20:19,CANCELLED,NORTH
ORD00544,CUST0072,2023-09-04 08:41:37,PLACED,SOUTH
ORD00545,CUST0124,2024-11-25 02:27:01,CANCELLED,SOUTH
ORD00546,CUST0124,2024-02-01 06:53:50,SHIPPED,NORTH
ORD00547,CUST0322,2024-05-29 06:40:34,DELIVERED,EAST
ORD00548,CUST0360,2023-05-28 18:59:59,DELIVERED,WEST
ORD00549,CUST0381,2025-03-02 07:45:01,CANCELLED,NORTH
ORD00550,CUST0376,2025-05-10 14:05:49,RETURNED,EAST
ORD00551,CUST0327,2023-09-08 04:07:05,DELIVERED,SOUTH
ORD00552,CUST0122,2025-01-15 19:18:19,RETURNED,EAST
ORD00553,CUST0427,2025-06-22 06:37:34,RETURNED,WEST
ORD00554,CUST0436,2024-12-28 04:42:12,DELIVERED,NORTH
ORD00555,CUST0161,2024-04-19 11:51:38,RETURNED,NORTH
ORD00556,CUST0300,2025-12-04 13:33:45,CANCELLED,NORTH
ORD00557,CUST0219,2024-04-13 00:25:20,SHIPPED,EAST
ORD00558,CUST0110,2024-10-09 23:52:55,DELIVERED,EAST
ORD00559,CUST0204,2024-10-12 22:28:56,SHIPPED,EAST
ORD00560,CUST0120,2024-04-04 00:00:00,CANCELLED,SOUTH
ORD00561,CUST0305,2024-07-10 06:07:02,DELIVERED,WEST
ORD00562,CUST0350,2025-02-21 01:41:08,PLACED,NORTH
ORD00563,CUST0363,2023-01-24 17:28:09,RETURNED,EAST
ORD00564,CUST0384,2023-01-09 01:18:22,CANCELLED,WEST
ORD00565,CUST0438,2023-08-22 14:51:46,SHIPPED,EAST
ORD00566,CUST0280,2024-04-18 02:26:09,RETURNED,WEST
ORD00567,CUST0016,2024-08-02 06:14:17,CANCELLED,NORTH
ORD00568,CUST0328,2023-09-04 22:54:55,DELIVERED,NORTH
ORD00569,CUST0203,2023-09-04 09:47:54,PLACED,SOUTH
ORD00570,CUST0122,2023-11-03 03:47:10,PLACED,EAST
ORD00571,CUST0397,2023-05-29 14:16:31,DELIVERED,EAST
ORD00572,CUST0423,2023-11-15 00:02:52,DELIVERED,NORTH
ORD00573,CUST0409,2023-03-14 07:04:02,RETURNED,EAST
ORD00574,CUST0396,2023-09-25 17:44:59,PLACED,SOUTH
ORD00575,CUST0500,2025-11-29 22:19:53,PLACED,SOUTH
ORD00576,CUST0005,2025-09-13 09:18:59,RETURNED,WEST
ORD00577,CUST0434,2025-03-26 15:29:27,RETURNED,SOUTH
ORD00578,CUST0187,2025-11-12 17:58:19,RETURNED,EAST
ORD00579,CUST0445,2025-12-28 20:27:05,RETURNED,EAST
ORD00580,CUST0462,2023-07-14 00:00:00,PLACED,EAST
ORD00581,CUST0195,2023-06-03 05:39:32,RETURNED,WEST
ORD00582,CUST0335,2025-12-28 15:14:24,DELIVERED,WEST
ORD00583,CUST0403,2024-04-15 06:34:48,PLACED,SOUTH
ORD00584,CUST0298,2025-12-16 22:40:48,SHIPPED,WEST
ORD00585,CUST0230,2024-09-05 21:26:42,RETURNED,SOUTH
ORD00586,CUST0182,2025-11-18 03:43:37,SHIPPED,EAST
ORD00587,CUST0429,2024-01-29 17:46:57,PLACED,WEST
ORD00588,CUST0024,2024-11-20 11:46:27,RETURNED,EAST
ORD00589,CUST0470,2025-03-03 16:07:10,DELIVERED,SOUTH
ORD00590,CUST0015,2024-10-11 05:24:24,DELIVERED,EAST
ORD00591,CUST0003,2024-05-30 18:48:20,SHIPPED,SOUTH
ORD00592,CUST0408,2025-08-14 02:28:14,DELIVERED,EAST
ORD00593,CUST0404,2023-07-23 11:05:25,DELIVERED,WEST
ORD00594,CUST0191,2024-07-09 09:57:11,CANCELLED,SOUTH
ORD00595,CUST0073,2024-03-13 12:54:30,CANCELLED,NORTH
ORD00596,CUST0120,2023-02-09 19:18:23,DELIVERED,EAST
ORD00597,CUST0250,2025-12-05 19:03:40,CANCELLED,EAST
ORD00598,CUST0241,2025-03-25 11:19:13,SHIPPED,WEST
ORD00599,CUST0256,2023-10-01 17:35:50,RETURNED,SOUTH
ORD00600,CUST0489,2024-12-17 00:00:00,PLACED,SOUTH
ORD00601,CUST0256,2024-11-13 10:27:04,PLACED,WEST
ORD00602,CUST0021,2024-09-18 14:37:34,DELIVERED,EAST
ORD00603,CUST0413,2025-05-07 18:39:46,RETURNED,EAST
ORD00604,CUST0306,2024-07-07 19:13:19,PLACED,WEST
ORD00605,CUST0073,2025-08-28 11:18:09,DELIVERED,WEST
ORD00606,CUST0446,2024-07-07 08:08:19,CANCELLED,SOUTH
ORD00607,CUST0204,2025-01-04 16:54:56,SHIPPED,WEST
ORD00608,CUST0046,2025-03-17 19:05:46,SHIPPED,SOUTH
ORD00609,CUST0366,2023-09-17 00:32:47,RETURNED,SOUTH
ORD00610,CUST0049,2024-12-17 09:51:19,PLACED,SOUTH
ORD00611,CUST0251,2023-07-15 11:34:26,PLACED,EAST
ORD00612,CUST0342,2025-05-14 23:56:25,DELIVERED,SOUTH
ORD00613,CUST0052,2024-09-26 16:49:19,CANCELLED,EAST
ORD00614,CUST0084,2024-03-12 03:43:50,PLACED,EAST
ORD00615,CUST0078,2025-06-19 11:11:26,RETURNED,WEST
ORD00616,CUST0409,2025-07-07 01:49:29,DELIVERED,EAST
ORD00617,CUST0223,2023-11-04 20:14:35,DELIVERED,SOUTH
ORD00618,CUST0184,2023-11-13 17:23:02,CANCELLED,WEST
ORD00619,CUST0356,2025-03-20 09:02:55,PLACED,WEST
ORD00620,CUST0076,2025-12-30 00:00:00,SHIPPED,EAST
ORD00621,CUST0158,2023-03-02 21:11:03,SHIPPED,NORTH
ORD00622,CUST0142,2025-10-30 14:52:06,RETURNED,EAST
ORD00623,CUST0497,2023-05-04 08:03:30,SHIPPED,WEST
ORD00624,CUST0168,2023-03-20 02:04:48,RETURNED,WEST
ORD00625,CUST0104,2025-07-29 18:25:32,RETURNED,WEST
ORD00626,CUST0247,2024-12-26 16:42:12,DELIVERED,WEST
ORD00627,CUST0456,2025-01-19 05:40:09,DELIVERED,SOUTH
ORD00628,CUST0406,2024-11-27 16:39:01,RETURNED,EAST
ORD00629,CUST0193,2025-07-22 20:42:25,CANCELLED,EAST
ORD00630,CUST0186,2024-03-15 00:02:35,RETURNED,NORTH
ORD00631,CUST0348,2025-10-24 09:13:50,SHIPPED,SOUTH
ORD00632,CUST0393,2024-12-02 02:01:24,RETURNED,SOUTH
ORD00633,CUST0225,2024-10-20 13:09:47,DELIVERED,EAST
ORD00634,CUST0341,2025-09-07 22:58:53,RETURNED,NORTH
ORD00635,CUST0152,2023-12-27 17:07:16,PLACED,SOUTH
ORD00636,CUST0146,2023-01-29 14:45:34,PLACED,EAST
ORD00637,CUST0052,2025-02-21 05:36:33,RETURNED,EAST
ORD00638,CUST0035,2025-06-24 22:24:10,CANCELLED,EAST
ORD00639,CUST0393,2023-07-07 09:41:18,DELIVERED,SOUTH
ORD00640,CUST0322,2024-01-28 00:00:00,CANCELLED,WEST
ORD00641,CUST0085,2023-06-29 07:40:32,CANCELLED,SOUTH
ORD00642,CUST0333,2023-04-12 17:45:20,DELIVERED,NORTH
ORD00643,CUST0107,2024-10-13 13:01:20,PLACED,NORTH
ORD00644,CUST0490,2024-02-26 05:09:21,DELIVERED,SOUTH
ORD00645,CUST0142,2025-04-03 07:29:13,CANCELLED,NORTH
ORD00646,CUST0385,2025-05-25 18:45:14,DELIVERED,EAST
ORD00647,CUST0146,2023-05-02 22:23:17,DELIVERED,WEST
ORD00648,CUST0461,2023-04-29 10:25:18,SHIPPED,WEST
ORD00649,CUST0485,2025-07-26 17:53:58,RETURNED,EAST
ORD00650,CUST0168,2025-09-26 07:39:55,RETURNED,SOUTH
ORD00651,CUST0164,2025-03-07 06:35:17,SHIPPED,SOUTH
ORD00652,CUST0433,2024-08-21 16:03:27,DELIVERED,EAST
ORD00653,CUST0111,2023-12-20 10:13:23,DELIVERED,WEST
ORD00654,CUST0491,2023-04-21 21:06:44,RETURNED,WEST
ORD00655,CUST0098,2025-11-05 09:34:57,DELIVERED,EAST
ORD00656,CUST0482,2023-06-01 03:24:17,DELIVERED,NORTH
ORD00657,CUST0032,2024-09-11 11:05:58,RETURNED,WEST
ORD00658,CUST0288,2024-10-08 09:11:07,SHIPPED,NORTH
ORD00659,CUST0378,2025-10-06 22:47:37,RETURNED,NORTH
ORD00660,CUST0432,2024-08-15 00:00:00,CANCELLED,NORTH
ORD00661,CUST0015,2025-11-02 06:57:10,RETURNED,EAST
ORD00662,CUST0316,2024-10-21 05:52:56,DELIVERED,SOUTH
ORD00663,CUST0042,2023-05-19 13:41:06,PLACED,EAST
ORD00664,CUST0010,2023-10-24 17:48:34,RETURNED,EAST
ORD00665,CUST0340,2025-08-01 07:01:37,CANCELLED,WEST
ORD00666,CUST0207,2025-04-24 04:56:37,RETURNED,NORTH
ORD00667,CUST0353,2023-02-02 08:48:19,RETURNED,EAST
ORD00668,CUST0261,2025-05-17 07:01:05,SHIPPED,SOUTH
ORD00669,CUST0305,2025-06-21 12:35:45,DELIVERED,NORTH
ORD00670,CUST0038,2025-07-28 18:39:06,SHIPPED,WEST
ORD00671,CUST0248,2025-01-22 13:35:30,RETURNED,NORTH
ORD00672,CUST0304,2025-07-08 19:12:13,RETURNED,NORTH
ORD00673,CUST0364,2025-11-12 05:01:22,SHIPPED,WEST
ORD00674,CUST0346,2025-03-17 20:17:08,PLACED,NORTH
ORD00675,CUST0129,2025-05-01 11:07:08,DELIVERED,NORTH
ORD00676,CUST0087,2024-06-19 01:04:56,DELIVERED,NORTH
ORD00677,CUST0412,2024-03-29 08:11:18,DELIVERED,EAST
ORD00678,CUST0240,2024-06-27 08:01:53,SHIPPED,NORTH
ORD00679,CUST0059,2024-09-01 13:12:17,PLACED,EAST
ORD00680,CUST0372,2025-07-15 00:00:00,PLACED,WEST
ORD00681,CUST0482,2024-05-27 07:01:22,RETURNED,NORTH
ORD00682,CUST0240,2025-09-01 23:09:22,RETURNED,EAST
ORD00683,CUST0223,2023-07-01 20:14:27,RETURNED,WEST
ORD00684,CUST0269,2024-09-19 18:59:51,SHIPPED,NORTH
ORD00685,CUST0181,2024-08-28 01:04:07,DELIVERED,NORTH
ORD00686,CUST0036,2024-04-27 09:07:26,RETURNED,EAST
ORD00687,CUST0245,2023-02-26 04:51:00,CANCELLED,SOUTH
ORD00688,CUST0261,2024-08-06 01:37:34,SHIPPED,WEST
ORD00689,CUST0283,2025-09-01 00:38:43,DELIVERED,NORTH
ORD00690,CUST0433,2023-04-19 21:51:37,DELIVERED,EAST
ORD00691,CUST0007,2024-06-05 18:34:35,CANCELLED,SOUTH
ORD00692,CUST0093,2024-01-23 18:56:18,RETURNED,SOUTH
ORD00693,CUST0114,2025-03-16 15:53:45,SHIPPED,WEST
ORD00694,CUST0212,2024-07-02 23:09:35,CANCELLED,EAST
ORD00695,CUST0291,2023-03-15 17:55:25,SHIPPED,SOUTH
ORD00696,CUST0211,2025-07-03 11:37:59,SHIPPED,NORTH
ORD00697,CUST0303,2023-07-23 14:08:51,RETURNED,EAST
ORD00698,CUST0031,2025-06-20 04:54:04,RETURNED,WEST
ORD00699,CUST0065,2025-06-24 03:59:44,RETURNED,NORTH
ORD00700,CUST0061,2023-01-30 00:00:00,RETURNED,NORTH
ORD00701,CUST0425,2025-12-29 07:49:10,CANCELLED,WEST
ORD00702,CUST0229,2025-10-22 08:58:03,RETURNED,SOUTH
ORD00703,CUST0244,2025-01-13 07:48:15,DELIVERED,SOUTH
ORD00704,CUST0082,2024-02-16 10:46:05,PLACED,EAST
ORD00705,CUST0263,2024-03-09 17:41:43,DELIVERED,EAST
ORD00706,CUST0396,2025-04-23 07:28:55,SHIPPED,WEST
ORD00707,CUST0483,2024-10-25 07:40:01,RETURNED,NORTH
ORD00708,CUST0212,2025-05-14 06:22:17,DELIVERED,WEST
ORD00709,CUST0455,2025-02-03 15:05:07,RETURNED,SOUTH
ORD00710,CUST0140,2023-07-20 15:35:15,RETURNED,NORTH
ORD00711,CUST0148,2025-08-10 03:42:04,RETURNED,EAST
ORD00712,CUST0347,2023-11-03 00:18:16,SHIPPED,SOUTH
ORD00713,CUST0020,2023-03-28 09:55:50,SHIPPED,WEST
ORD00714,CUST0155,2024-06-02 10:50:55,DELIVERED,WEST
ORD00715,CUST0235,2025-11-09 16:41:44,CANCELLED,EAST
ORD00716,CUST0433,2024-12-29 03:19:17,CANCELLED,SOUTH
ORD00717,CUST0164,2023-01-24 18:21:28,DELIVERED,SOUTH
ORD00718,CUST0220,2023-03-24 13:45:34,PLACED,WEST
ORD00719,CUST0294,2025-01-21 08:37:12,DELIVERED,NORTH
ORD00720,CUST0434,2024-10-25 00:00:00,PLACED,EAST
ORD00721,CUST0014,2024-08-18 04:40:52,PLACED,SOUTH
ORD00722,CUST0128,2025-12-18 23:03:24,SHIPPED,EAST
ORD00723,CUST0412,2024-01-24 12:29:45,PLACED,SOUTH
ORD00724,CUST0343,2023-10-22 20:03:51,CANCELLED,WEST
ORD00725,CUST0253,2025-08-21 23:43:55,DELIVERED,SOUTH
ORD00726,CUST0260,2023-10-18 21:02:59,CANCELLED,EAST
ORD00727,CUST0296,2023-02-19 04:52:24,CANCELLED,EAST
ORD00728,CUST0329,2023-02-09 14:30:27,CANCELLED,SOUTH
ORD00729,CUST0084,2024-10-27 08:03:26,DELIVERED,NORTH
ORD00730,CUST0270,2025-02-17 09:12:54,CANCELLED,EAST
ORD00731,CUST0016,2024-12-26 23:23:23,PLACED,EAST
ORD00732,CUST0312,2025-01-13 00:47:45,SHIPPED,SOUTH
ORD00733,CUST0308,2024-04-19 02:34:04,DELIVERED,SOUTH
ORD00734,CUST0294,2024-06-25 15:51:48,RETURNED,SOUTH
ORD00735,CUST0391,2023-02-19 01:00:54,SHIPPED,EAST
ORD00736,CUST0123,2023-06-17 21:04:31,DELIVERED,NORTH
ORD00737,CUST0061,2025-04-26 20:38:18,DELIVERED,SOUTH
ORD00738,CUST0431,2024-06-24 10:05:58,PLACED,WEST
ORD00739,CUST0490,2024-08-06 13:29:35,SHIPPED,WEST
ORD00740,CUST0077,2024-04-25 00:00:00,PLACED,EAST
ORD00741,CUST0183,2024-06-19 15:08:11,DELIVERED,NORTH
ORD00742,CUST0100,2024-12-24 02:53:56,DELIVERED,EAST
ORD00743,CUST0160,2025-03-15 14:58:26,PLACED,EAST
ORD00744,CUST0429,2023-12-23 18:17:59,RETURNED,NORTH
ORD00745,CUST0235,2023-06-03 17:55:14,SHIPPED,WEST
ORD00746,CUST0046,2025-12-26 00:33:59,CANCELLED,NORTH
ORD00747,CUST0323,2024-08-23 06:14:58,SHIPPED,SOUTH
ORD00748,CUST0158,2024-07-09 12:01:49,SHIPPED,WEST
ORD00749,CUST0490,2023-04-17 20:07:23,CANCELLED,SOUTH
ORD00750,CUST0441,2025-09-01 03:15:01,PLACED,NORTH
ORD00751,CUST0324,2025-08-11 03:48:12,PLACED,EAST
ORD00752,CUST0304,2024-10-19 05:38:03,SHIPPED,WEST
ORD00753,CUST0428,2023-01-06 23:31:16,SHIPPED,WEST
ORD00754,CUST0444,2024-04-29 04:43:46,SHIPPED,WEST
ORD00755,CUST0430,2023-09-30 23:07:47,SHIPPED,WEST
ORD00756,CUST0426,2025-10-16 14:10:48,CANCELLED,SOUTH
ORD00757,CUST0221,2025-09-13 13:50:46,DELIVERED,NORTH
ORD00758,CUST0258,2024-12-09 05:48:05,DELIVERED,SOUTH
ORD00759,CUST0467,2024-06-22 14:41:00,RETURNED,EAST
ORD00760,CUST0168,2025-08-03 00:00:00,DELIVERED,WEST
ORD00761,CUST0158,2025-09-04 07:00:42,PLACED,NORTH
ORD00762,CUST0390,2025-04-10 22:19:42,RETURNED,SOUTH
ORD00763,CUST0097,2025-09-18 02:54:15,RETURNED,EAST
ORD00764,CUST0240,2024-04-08 12:42:06,PLACED,WEST
ORD00765,CUST0239,2025-02-14 07:55:36,PLACED,NORTH
ORD00766,CUST0185,2025-05-03 09:48:42,CANCELLED,NORTH
ORD00767,CUST0453,2024-02-24 05:03:37,RETURNED,EAST
ORD00768,CUST0045,2024-11-11 09:41:39,PLACED,WEST
ORD00769,CUST0124,2024-12-09 16:58:13,CANCELLED,NORTH
ORD00770,CUST0160,2023-09-23 22:06:17,CANCELLED,SOUTH
ORD00771,CUST0480,2024-05-10 21:37:31,PLACED,NORTH
ORD00772,CUST0186,2024-03-14 00:35:47,DELIVERED,SOUTH
ORD00773,CUST0101,2024-10-04 19:49:40,CANCELLED,EAST
ORD00774,CUST0190,2025-03-07 07:49:20,SHIPPED,SOUTH
ORD00775,CUST0456,2023-02-11 05:59:39,CANCELLED,EAST
ORD00776,CUST0293,2023-03-20 18:33:24,PLACED,SOUTH
ORD00777,CUST0174,2024-09-28 13:58:11,DELIVERED,WEST
ORD00778,CUST0375,2023-02-25 17:48:04,CANCELLED,EAST
ORD00779,CUST0483,2025-03-24 07:22:32,RETURNED,EAST
ORD00780,CUST0361,2025-04-21 00:00:00,DELIVERED,EAST
ORD00781,CUST0120,2024-12-27 22:57:39,RETURNED,EAST
ORD00782,CUST0250,2024-01-15 14:55:07,CANCELLED,EAST
ORD00783,CUST0326,2025-12-26 19:00:23,CANCELLED,SOUTH
ORD00784,CUST0053,2025-05-08 03:25:43,CANCELLED,WEST
ORD00785,CUST0442,2024-08-20 06:36:39,CANCELLED,WEST
ORD00786,CUST0012,2024-08-08 11:49:01,PLACED,WEST
ORD00787,CUST0070,2023-10-10 00:33:34,SHIPPED,SOUTH
ORD00788,CUST0103,2025-11-01 03:50:57,SHIPPED,EAST
ORD00789,CUST0277,2023-10-14 02:58:55,SHIPPED,NORTH
ORD00790,CUST0214,2024-08-20 16:48:02,DELIVERED,WEST
ORD00791,CUST0269,2025-09-12 23:37:01,RETURNED,EAST
ORD00792,CUST0056,2025-12-11 20:42:44,SHIPPED,NORTH
ORD00793,CUST0380,2023-01-22 17:27:32,PLACED,NORTH
ORD00794,CUST0077,2023-03-09 00:31:30,RETURNED,EAST
ORD00795,CUST0094,2024-09-16 04:29:26,SHIPPED,SOUTH
ORD00796,CUST0259,2023-03-04 04:03:43,DELIVERED,EAST
ORD00797,CUST0350,2024-07-15 17:24:56,RETURNED,SOUTH
ORD00798,CUST0483,2024-05-08 02:36:39,RETURNED,WEST
ORD00799,CUST0178,2023-12-20 22:53:03,SHIPPED,WEST
ORD00800,CUST0362,2024-01-10 00:00:00,SHIPPED,EAST
ORD00801,CUST0185,2025-06-16 17:03:00,DELIVERED,WEST
ORD00802,CUST0423,2024-09-15 02:28:55,PLACED,EAST
ORD00803,CUST0307,2025-04-14 00:39:45,CANCELLED,WEST
ORD00804,CUST0148,2023-06-11 17:22:54,DELIVERED,WEST
ORD00805,CUST0326,2023-10-01 09:01:04,CANCELLED,SOUTH
ORD00806,CUST0381,2024-06-13 18:55:35,RETURNED,SOUTH
ORD00807,CUST0066,2023-02-20 19:37:59,PLACED,WEST
ORD00808,CUST0002,2025-02-01 13:16:36,PLACED,NORTH
ORD00809,CUST0037,2024-05-06 19:20:41,PLACED,SOUTH
ORD00810,CUST0495,2025-06-27 10:48:50,RETURNED,WEST
ORD00811,CUST0377,2024-10-08 07:43:59,CANCELLED,EAST
ORD00812,CUST0171,2023-01-15 01:34:18,RETURNED,WEST
ORD00813,CUST0177,2023-05-29 01:17:13,SHIPPED,EAST
ORD00814,CUST0367,2025-05-18 12:06:35,RETURNED,SOUTH
ORD00815,CUST0208,2023-04-17 00:21:47,CANCELLED,EAST
ORD00816,CUST0429,2025-10-04 02:47:30,RETURNED,SOUTH
ORD00817,CUST0238,2025-03-26 20:32:30,DELIVERED,WEST
ORD00818,CUST0225,2024-12-28 21:09:14,CANCELLED,WEST
ORD00819,CUST0350,2024-05-21 02:32:59,CANCELLED,NORTH
ORD00820,CUST0041,2023-07-23 00:00:00,DELIVERED,NORTH
ORD00821,CUST0497,2025-04-11 19:21:31,SHIPPED,SOUTH
ORD00822,CUST0210,2024-04-12 20:49:41,CANCELLED,EAST
ORD00823,CUST0015,2023-01-30 11:03:35,RETURNED,SOUTH
ORD00824,CUST0219,2023-12-22 15:17:16,DELIVERED,SOUTH
ORD00825,CUST0264,2025-04-29 11:27:49,CANCELLED,SOUTH
ORD00826,CUST0226,2024-08-30 05:43:05,PLACED,NORTH
ORD00827,CUST0134,2023-11-11 10:42:39,CANCELLED,NORTH
ORD00828,CUST0359,2023-10-22 01:20:32,RETURNED,NORTH
ORD00829,CUST0072,2023-11-06 17:38:14,RETURNED,WEST
ORD00830,CUST0440,2024-05-28 10:16:29,CANCELLED,SOUTH
ORD00831,CUST0257,2025-11-18 07:05:37,SHIPPED,WEST
ORD00832,CUST0217,2025-06-21 01:02:20,CANCELLED,NORTH
ORD00833,CUST0250,2023-03-11 14:15:35,SHIPPED,SOUTH
ORD00834,CUST0392,2024-02-22 21:45:32,DELIVERED,NORTH
ORD00835,CUST0116,2023-12-16 20:30:59,RETURNED,SOUTH
ORD00836,CUST0384,2023-08-11 16:31:03,PLACED,NORTH
ORD00837,CUST0324,2023-02-26 12:11:04,SHIPPED,WEST
ORD00838,CUST0480,2023-04-08 08:35:37,RETURNED,SOUTH
ORD00839,CUST0114,2024-10-14 10:41:33,PLACED,EAST
ORD00840,CUST0106,2023-03-09 00:00:00,RETURNED,WEST
ORD00841,CUST0349,2023-03-04 13:03:43,DELIVERED,WEST
ORD00842,CUST0077,2023-02-08 20:33:41,SHIPPED,EAST
ORD00843,CUST0082,2023-10-18 20:27:47,CANCELLED,EAST
ORD00844,CUST0466,2025-04-14 03:19:39,DELIVERED,WEST
ORD00845,CUST0249,2024-01-10 20:32:29,RETURNED,SOUTH
ORD00846,CUST0384,2024-08-05 06:55:38,RETURNED,SOUTH
ORD00847,CUST0449,2025-11-05 19:35:59,PLACED,SOUTH
ORD00848,CUST0293,2025-02-23 06:52:26,CANCELLED,WEST
ORD00849,CUST0441,2023-10-23 18:58:30,SHIPPED,SOUTH
ORD00850,CUST0056,2024-08-11 11:24:38,DELIVERED,EAST
ORD00851,CUST0386,2025-11-06 22:27:15,SHIPPED,SOUTH
ORD00852,CUST0153,2024-07-26 02:48:49,PLACED,NORTH
ORD00853,CUST0092,2025-08-06 17:24:12,PLACED,SOUTH
ORD00854,CUST0291,2023-01-12 02:11:01,DELIVERED,SOUTH
ORD00855,CUST0466,2025-01-24 02:29:14,DELIVERED,SOUTH
ORD00856,CUST0093,2025-07-24 00:21:40,SHIPPED,EAST
ORD00857,CUST0109,2024-06-13 00:09:34,CANCELLED,WEST
ORD00858,CUST0011,2023-05-23 05:22:49,RETURNED,NORTH
ORD00859,CUST0221,2025-06-04 14:08:28,PLACED,EAST
ORD00860,CUST0241,2025-02-20 00:00:00,SHIPPED,NORTH
ORD00861,CUST0245,2024-05-09 23:09:53,DELIVERED,WEST
ORD00862,CUST0096,2024-07-26 16:19:07,PLACED,WEST
ORD00863,CUST0318,2023-01-01 20:26:55,DELIVERED,EAST
ORD00864,CUST0228,2025-09-30 06:14:00,RETURNED,WEST
ORD00865,CUST0326,2025-04-01 17:53:22,DELIVERED,NORTH
ORD00866,CUST0411,2024-07-28 05:29:20,SHIPPED,EAST
ORD00867,CUST0352,2024-03-27 01:55:52,DELIVERED,SOUTH
ORD00868,CUST0250,2023-08-10 11:24:46,DELIVERED,SOUTH
ORD00869,CUST0272,2025-04-09 19:30:38,PLACED,SOUTH
ORD00870,CUST0337,2023-02-15 07:32:06,CANCELLED,SOUTH
ORD00871,CUST0147,2025-01-10 16:08:05,SHIPPED,WEST
ORD00872,CUST0272,2023-04-01 06:22:49,CANCELLED,WEST
ORD00873,CUST0479,2025-06-25 11:36:32,DELIVERED,WEST
ORD00874,CUST0425,2024-10-10 12:21:58,SHIPPED,NORTH
ORD00875,CUST0455,2023-02-26 02:33:55,DELIVERED,SOUTH
ORD00876,CUST0364,2025-03-06 08:18:59,RETURNED,NORTH
ORD00877,CUST0039,2025-03-19 18:10:56,SHIPPED,EAST
ORD00878,CUST0030,2025-03-24 03:19:07,PLACED,WEST
ORD00879,CUST0377,2023-03-25 04:03:37,SHIPPED,NORTH
ORD00880,CUST0317,2025-08-17 00:00:00,RETURNED,NORTH
ORD00881,CUST0257,2024-02-18 04:22:29,RETURNED,SOUTH
ORD00882,CUST0367,2023-05-21 13:57:00,CANCELLED,NORTH
ORD00883,CUST0237,2025-08-28 18:54:14,CANCELLED,WEST
ORD00884,CUST0032,2023-01-10 22:44:24,DELIVERED,SOUTH
ORD00885,CUST0465,2024-03-01 05:28:34,SHIPPED,SOUTH
ORD00886,CUST0185,2023-02-20 08:36:06,CANCELLED,EAST
ORD00887,CUST0303,2024-10-27 11:13:03,RETURNED,NORTH
ORD00888,CUST0276,2025-10-16 07:16:36,SHIPPED,WEST
ORD00889,CUST0253,2023-08-03 20:07:56,CANCELLED,WEST
ORD00890,CUST0450,2024-07-05 09:33:40,CANCELLED,EAST
ORD00891,CUST0317,2024-08-09 01:56:45,CANCELLED,SOUTH
ORD00892,CUST0299,2023-10-28 10:09:56,DELIVERED,SOUTH
ORD00893,CUST0042,2024-06-06 17:48:25,PLACED,EAST
ORD00894,CUST0180,2023-07-25 13:38:24,DELIVERED,WEST
ORD00895,CUST0381,2025-08-10 13:46:33,CANCELLED,EAST
ORD00896,CUST0098,2025-04-16 19:57:08,RETURNED,SOUTH
ORD00897,CUST0444,2024-10-13 10:41:22,SHIPPED,NORTH
ORD00898,CUST0447,2024-01-14 13:36:46,DELIVERED,SOUTH
ORD00899,CUST0475,2024-08-07 20:35:39,CANCELLED,NORTH
ORD00900,CUST0060,2023-01-01 00:00:00,CANCELLED,SOUTH
ORD00901,CUST0049,2023-04-04 20:15:00,DELIVERED,EAST
ORD00902,CUST0008,2024-12-17 14:31:37,SHIPPED,EAST
ORD00903,CUST0082,2023-02-07 15:25:37,DELIVERED,NORTH
ORD00904,CUST0121,2025-06-06 14:45:26,CANCELLED,WEST
ORD00905,CUST0001,2025-03-23 17:18:22,SHIPPED,NORTH
ORD00906,CUST0369,2023-06-26 07:38:03,CANCELLED,NORTH
ORD00907,CUST0064,2023-10-07 14:16:32,DELIVERED,SOUTH
ORD00908,CUST0109,2025-07-18 02:50:21,DELIVERED,SOUTH
ORD00909,CUST0470,2024-06-03 14:11:20,SHIPPED,SOUTH
ORD00910,CUST0362,2023-07-10 05:33:39,DELIVERED,SOUTH
ORD00911,CUST0150,2024-11-09 14:30:23,SHIPPED,SOUTH
ORD00912,CUST0304,2024-09-08 14:39:47,RETURNED,EAST
ORD00913,CUST0402,2024-03-01 19:16:03,DELIVERED,EAST
ORD00914,CUST0014,2025-07-20 16:23:17,DELIVERED,WEST
ORD00915,CUST0001,2024-02-09 23:54:36,SHIPPED,NORTH
ORD00916,CUST0053,2024-11-02 11:30:47,CANCELLED,SOUTH
ORD00917,CUST0086,2023-12-30 13:33:02,CANCELLED,EAST
ORD00918,CUST0119,2025-08-24 15:03:27,CANCELLED,EAST
ORD00919,CUST0328,2024-09-22 20:30:38,SHIPPED,NORTH
ORD00920,CUST0263,2025-05-03 00:00:00,PLACED,NORTH
ORD00921,CUST0051,2025-06-20 22:57:39,DELIVERED,EAST
ORD00922,CUST0419,2024-09-09 16:33:09,SHIPPED,NORTH
ORD00923,CUST0130,2023-03-12 03:08:50,CANCELLED,NORTH
ORD00924,CUST0161,2025-02-08 20:40:04,CANCELLED,SOUTH
ORD00925,CUST0350,2023-11-12 10:24:14,PLACED,NORTH
ORD00926,CUST0055,2024-06-25 16:25:46,SHIPPED,EAST
ORD00927,CUST0117,2024-05-12 23:41:12,CANCELLED,WEST
ORD00928,CUST0320,2023-11-13 18:57:44,RETURNED,SOUTH
ORD00929,CUST0269,2023-05-26 02:24:42,PLACED,NORTH
ORD00930,CUST0185,2023-07-06 10:12:53,CANCELLED,EAST
ORD00931,CUST0202,2024-07-06 11:30:30,DELIVERED,NORTH
ORD00932,CUST0066,2024-11-08 11:20:04,PLACED,SOUTH
ORD00933,CUST0386,2025-07-23 05:23:59,PLACED,SOUTH
ORD00934,CUST0481,2024-12-27 16:01:32,SHIPPED,EAST
ORD00935,CUST0114,2023-12-09 15:53:29,RETURNED,EAST
ORD00936,CUST0018,2024-07-12 17:55:09,SHIPPED,WEST
ORD00937,CUST0301,2025-11-10 01:36:31,CANCELLED,NORTH
ORD00938,CUST0233,2025-05-31 07:13:56,SHIPPED,WEST
ORD00939,CUST0228,2024-08-03 05:40:47,PLACED,EAST
ORD00940,CUST0073,2025-11-24 00:00:00,RETURNED,NORTH
ORD00941,CUST0129,2025-01-26 00:39:05,RETURNED,WEST
ORD00942,CUST0437,2025-05-12 07:32:45,PLACED,EAST
ORD00943,CUST0411,2024-07-13 02:22:24,CANCELLED,EAST
ORD00944,CUST0310,2024-06-20 12:53:12,DELIVERED,NORTH
ORD00945,CUST0473,2025-08-18 07:04:43,DELIVERED,WEST
ORD00946,CUST0479,2025-08-24 17:39:52,RETURNED,EAST
ORD00947,CUST0064,2025-03-24 09:50:15,PLACED,EAST
ORD00948,CUST0196,2025-10-02 12:07:33,SHIPPED,SOUTH
ORD00949,CUST0313,2023-08-15 21:52:20,DELIVERED,NORTH
ORD00950,CUST0251,2025-10-15 04:32:11,SHIPPED,SOUTH
ORD00951,CUST0011,2024-01-21 04:37:12,SHIPPED,NORTH
ORD00952,CUST0479,2025-07-26 11:44:31,CANCELLED,EAST
ORD00953,CUST0487,2025-11-28 17:58:51,RETURNED,WEST
ORD00954,CUST0467,2023-07-26 20:56:20,PLACED,SOUTH
ORD00955,CUST0126,2023-06-09 09:13:39,DELIVERED,EAST
ORD00956,CUST0470,2025-01-10 11:36:39,RETURNED,SOUTH
ORD00957,CUST0356,2023-07-29 04:16:47,DELIVERED,NORTH
ORD00958,CUST0085,2024-04-15 07:04:40,CANCELLED,SOUTH
ORD00959,CUST0299,2023-06-14 05:38:37,RETURNED,SOUTH
ORD00960,CUST0451,2025-10-27 00:00:00,RETURNED,NORTH
ORD00961,CUST0309,2023-03-14 16:08:21,RETURNED,NORTH
ORD00962,CUST0002,2023-02-17 09:41:00,RETURNED,SOUTH
ORD00963,CUST0085,2023-04-28 20:59:42,PLACED,SOUTH
ORD00964,CUST0028,2024-06-08 04:40:32,CANCELLED,NORTH
ORD00965,CUST0066,2024-01-17 21:01:51,RETURNED,EAST
ORD00966,CUST0377,2025-12-11 04:18:03,SHIPPED,NORTH
ORD00967,CUST0307,2025-03-25 11:01:55,RETURNED,SOUTH
ORD00968,CUST0271,2023-11-27 13:50:22,RETURNED,EAST
ORD00969,CUST0093,2024-12-10 02:21:06,PLACED,WEST
ORD00970,CUST0471,2025-02-17 12:22:51,DELIVERED,EAST
ORD00971,CUST0055,2025-10-18 12:23:20,DELIVERED,SOUTH
ORD00972,CUST0487,2024-03-21 03:10:00,PLACED,EAST
ORD00973,CUST0162,2024-06-21 21:44:53,DELIVERED,SOUTH
ORD00974,CUST0091,2023-01-17 06:15:13,CANCELLED,WEST
ORD00975,CUST0005,2024-10-05 08:46:51,CANCELLED,EAST
ORD00976,CUST0101,2025-12-20 14:50:44,SHIPPED,EAST
ORD00977,CUST0060,2025-07-23 15:12:09,DELIVERED,EAST
ORD00978,CUST0357,2024-06-03 05:51:33,RETURNED,SOUTH
ORD00979,CUST0047,2025-07-19 09:18:41,DELIVERED,WEST
ORD00980,CUST0284,2024-11-19 00:00:00,DELIVERED,WEST
ORD00981,CUST0474,2025-06-03 06:00:21,RETURNED,EAST
ORD00982,CUST0487,2024-03-31 09:38:11,DELIVERED,WEST
ORD00983,CUST0313,2024-12-12 00:48:38,SHIPPED,WEST
ORD00984,CUST0367,2024-09-11 22:18:48,DELIVERED,SOUTH
ORD00985,CUST0413,2023-04-26 19:25:40,CANCELLED,SOUTH
ORD00986,CUST0092,2023-07-28 19:11:10,CANCELLED,WEST
ORD00987,CUST0291,2025-05-20 11:47:10,RETURNED,SOUTH
ORD00988,CUST0411,2025-03-10 01:58:10,SHIPPED,EAST
ORD00989,CUST0393,2024-12-29 16:16:12,PLACED,SOUTH
ORD00990,CUST0319,2024-08-29 07:33:19,PLACED,NORTH
ORD00991,CUST0096,2023-10-31 03:00:44,PLACED,WEST
ORD00992,CUST0312,2025-10-25 06:04:47,CANCELLED,NORTH
ORD00993,CUST0187,2025-12-11 20:12:48,RETURNED,EAST
ORD00994,CUST0184,2025-01-20 17:41:07,SHIPPED,EAST
ORD00995,CUST0103,2024-08-04 15:33:48,RETURNED,EAST
ORD00996,CUST0269,2023-07-03 02:24:49,DELIVERED,NORTH
ORD00997,CUST0088,2024-02-24 06:48:45,DELIVERED,NORTH
ORD00998,CUST0309,2023-04-16 17:49:10,DELIVERED,NORTH
ORD00999,CUST0435,2025-09-11 07:25:56,PLACED,SOUTH
ORD01000,CUST0248,2023-07-04 00:00:00,PLACED,EAST
